{"loss": 0.6931396722793579, "acc": 0.502, "auc": 0.5058340925796329, "_timestamp": 1668757237.2961104, "_runtime": 16.89824938774109, "_step": 19, "_wandb": {"runtime": 16}}