{"loss": 0.03575641289353371, "acc": 0.994, "auc": 0.99995138852062, "_timestamp": 1669448476.7960138, "_runtime": 18.440202713012695, "_step": 99, "_wandb": {"runtime": 17}}