{"loss": 0.03584376722574234, "acc": 0.993, "auc": 0.9998851001396475, "_timestamp": 1668757355.8180053, "_runtime": 20.269771337509155, "_step": 99, "_wandb": {"runtime": 19}}