{"loss": 0.3371790945529938, "acc": 0.864, "auc": 0.9306333208908798, "_timestamp": 1668757291.2471097, "_runtime": 15.955439567565918, "_step": 19, "_wandb": {"runtime": 15}}